CountryName,total_certified_area_sqm
CN,19349768.870000005
US,12730219.500000015
IN,8448476.270000001
HK,3234226.5199999996
AE,3001752.3800000018
